Instrument,Item,Metric,Human,Encoder,un1,un2,un3,gte,e5,GPT,N,ND,NR
MQI,LINK,C's \kappa,0.3092392300389752,0.39322550365184067,0.4072207125756366,0.32687001291004963,0.441650567196711,0.38669659117385546,0.38669659117385546,NA,NA,NA,NA
MQI,LINK,QWK,0.40817617230948017,0.5801608741274108,0.597421999007327,0.546598080891526,0.6239039604543051,0.5592828879215179,0.5592828879215179,NA,NA,NA,NA
MQI,LINK,%Agr,0.703685820054728,0.7264817835780281,0.7392426850258178,0.7134637514384344,0.7495697074010332,0.7134251290877788,0.7134251290877788,NA,NA,NA,NA
MQI,LINK,Agr±1,0.9720746821181387,0.976255211165489,0.9655765920826161,0.9758342922899885,0.9793459552495698,0.9802065404475042,0.9802065404475042,NA,NA,NA,NA
MQI,LINK,r,0.40818739020357553,0.5843441727235785,0.6071103342790901,0.5577320149536249,0.6273889421991969,0.561059061285107,0.561059061285107,NA,NA,NA,NA
MQI,LINK,r.low,0.3934281849720822,0.566694110554799,0.5694852893266545,0.5101502185225211,0.5912119103362306,0.5203401620848078,0.5203401620848078,NA,NA,NA,NA
MQI,LINK,r.hi,0.4227362482079058,0.6014581752167765,0.6421967604790298,0.6019103014424536,0.6610463629229464,0.5992324774360579,0.5992324774360579,NA,NA,NA,NA
MQI,LINK,\rho,0.41206619933978156,0.5665121216189668,0.6018289495056881,0.5319604186431093,0.6136182637430666,0.5396460101132028,0.5396460101132028,NA,NA,NA,NA
MQI,LINK,\rho.low,0.39736233027453693,0.5483207251113736,0.5638353979238709,0.48252702973941164,0.5764521998609318,0.49758001945153457,0.49758001945153457,NA,NA,NA,NA
MQI,LINK,\rho.hi,0.4265585328145947,0.584167629260312,0.6372805729343064,0.5780156598485575,0.6482507124513756,0.5791796487186458,0.5791796487186458,NA,NA,NA,NA
MQI,LINK,\tau,0.39671879948059713,0.5394671811653298,0.5747718502942609,0.5098772335900651,0.5855395375410256,0.5149185365982932,0.5149185365982932,NA,NA,NA,NA
MQI,LINK,\tau.low,0.38179914117293523,0.5204882475187448,0.5349460693918437,0.4589352245907792,0.5464317684260878,0.4713688134787487,0.4713688134787487,NA,NA,NA,NA
MQI,LINK,\tau.hi,0.4114317566568061,0.5579133422985046,0.6120490777815571,0.5574777763571277,0.6220993444958314,0.5559632621013065,0.5559632621013065,NA,NA,NA,NA
MQI,LINK,ICC,0.14840641841673075,0.14067859957986356,0.14067859957986356,0.14067859957986356,0.14067859957986356,0.14067859957986356,0.14067859957986356,NA,NA,NA,NA
MQI,LINK,AdjICC,0.5111493149562625,0.4955236980075175,0.4955236980075175,0.4955236980075175,0.4955236980075175,0.4955236980075175,0.4955236980075175,NA,NA,NA,NA
MQI,EXPL,C's \kappa,0.23229189010504875,0.24813805841093142,0.24762656959122445,0.2767899958852445,0.2342768555313423,0.2397560680101776,0.2397560680101776,0.027007112414900027,0.006253381704645154,0.0666331579051111,0.013458116390957587
MQI,EXPL,QWK,0.277411353601249,0.4284823550566446,0.46050621536618214,0.41927735687664125,0.44493765149081543,0.40354847768985574,0.40354847768985574,0.01201403594209896,0.014076120099006847,0.05591715582531262,-0.007207229713272075
MQI,EXPL,%Agr,0.6979962983825574,0.7156063077759626,0.7220309810671254,0.690448791714614,0.7168674698795185,0.7211703958691904,0.7211703958691904,0.30643699002719865,0.3101736972704715,0.4168734491315137,0.15151515151515157
MQI,EXPL,Agr±1,0.9795606341031626,0.9671923146637654,0.96815834767642,0.9689298043728424,0.9629948364888122,0.96815834767642,0.96815834767642,0.85766092475068,0.9478908188585609,0.9032258064516129,0.6734006734006734
MQI,EXPL,r,0.2774744045667698,0.44212304583227363,0.48165259268457983,0.4252380273985773,0.46820565767049427,0.41360512023692814,0.41360512023692814,0.025483200705220324,0.028841628694330327,0.08963009958257591,-0.028616602849998736
MQI,EXPL,r.low,0.2611663561615436,0.42064220442154726,0.43622775154339344,0.36917430262263057,0.4220620617722685,0.3647736314987849,0.3647736314987849,-0.033593772679423484,-0.06903856785881907,-0.008126741036039251,-0.14196638525485747
MQI,EXPL,r.hi,0.29362410448117476,0.46310843619468406,0.5246288307213303,0.478217994153881,0.511929528176905,0.4601676125760714,0.4601676125760714,0.08438271589982158,0.12617183666360324,0.18568996297198878,0.085473933852161
MQI,EXPL,\rho,0.2696012850777055,0.42158791327283873,0.463645421222222,0.40755101426370566,0.455668555005258,0.3867840650982748,0.3867840650982748,0.026167327067180023,0.02823311805160668,0.09574873143229093,-0.029578958781093238
MQI,EXPL,\rho.low,0.2532194143982995,0.3996455409694921,0.4172631862936815,0.350548208412832,0.40887510241421665,0.336766987180457,0.336766987180457,-0.032909946672730665,-0.0696446462039695,-0.0019552428075011678,-0.14291001524124397
MQI,EXPL,\rho.hi,0.2858285825243256,0.4430474372515738,0.5076184910850254,0.461545378844567,0.500072231820538,0.4346244879105818,0.4346244879105818,0.085062384964809,0.12557247903683902,0.19164193693762724,0.08451772065403321
MQI,EXPL,\tau,0.26439723152244043,0.4079333533708284,0.45019711303384324,0.391176864797465,0.4442031225977184,0.37545830664597046,0.37545830664597046,0.025009827019418285,0.02749316343311195,0.09155640025982933,-0.029259917396861797
MQI,EXPL,\tau.low,0.24796777845807724,0.385696825584955,0.4031261685295973,0.333344786925223,0.3968324458444225,0.32496710517945016,0.32496710517945016,-0.03406690616175588,-0.0703815457830153,-0.006184599556470296,-0.14259720473320103
MQI,EXPL,\tau.hi,0.28067464089724403,0.4296962394048034,0.49489224699525197,0.44607625392872563,0.4892139008106455,0.42381520080924295,0.42381520080924295,0.08391239430718907,0.12484355882333786,0.1875645561048968,0.08483474887982344
MQI,EXPL,ICC,0.17105096976734563,0.17225484696955165,0.17225484696955165,0.17225484696955165,0.17225484696955165,0.17225484696955165,0.17225484696955165,0.17107312383214854,0.17107312383214854,0.17107312383214854,0.17107312383214854
MQI,EXPL,AdjICC,0.5531885925254865,0.5552803893521079,0.5552803893521079,0.5552803893521079,0.5552803893521079,0.5552803893521079,0.5552803893521079,0.5532272089083936,0.5532272089083936,0.5532272089083936,0.5532272089083936
MQI,MMETH,C's \kappa,0.417491323553409,0.33281828937078467,0.4631101310917512,0.38605663256655176,0.3284265180459796,0.26940069474891226,0.26940069474891226,NA,NA,NA,NA
MQI,MMETH,QWK,0.47361246402871693,0.4908000332267499,0.48314404379219217,0.5337663523663844,0.5431146061227295,0.45768097830938115,0.45768097830938115,NA,NA,NA,NA
MQI,MMETH,%Agr,0.8492037960431063,0.8229110023563506,0.8752151462994835,0.8561565017261227,0.8407917383820989,0.7753872633390712,0.7753872633390712,NA,NA,NA,NA
MQI,MMETH,Agr±1,0.9916358372205243,0.9780677904658324,0.9948364888123924,0.9758342922899885,0.9793459552495698,0.9698795180722891,0.9698795180722891,NA,NA,NA,NA
MQI,MMETH,r,0.47362565228988385,0.5178860013272042,0.5060837340094462,0.5756573677243125,0.570036678625991,0.514118166680249,0.514118166680249,NA,NA,NA,NA
MQI,MMETH,r.low,0.45987691350903565,0.4983075264519322,0.4620225097026082,0.5294214972560389,0.5298998023242429,0.4705217020775733,0.4705217020775733,NA,NA,NA,NA
MQI,MMETH,r.hi,0.4871473638919018,0.5369365637220751,0.5476527938992913,0.6184836274738563,0.6076255819691517,0.5552107309963612,0.5552107309963612,NA,NA,NA,NA
MQI,MMETH,\rho,0.4665350445482111,0.5049512074435787,0.5110466935229062,0.571251270415186,0.573025249460046,0.4778525327526163,0.4778525327526163,NA,NA,NA,NA
MQI,MMETH,\rho.low,0.4526698894101182,0.48502566649914075,0.4672716011034379,0.524680140835455,0.533084388062617,0.4322222902638234,0.4322222902638234,NA,NA,NA,NA
MQI,MMETH,\rho.hi,0.4801746498768171,0.5243527201402789,0.5523222178252283,0.6144133903819535,0.6104177122205328,0.5210419869868644,0.5210419869868644,NA,NA,NA,NA
MQI,MMETH,\tau,0.46153788200795465,0.49304501275987966,0.5077065368312701,0.5626884726345079,0.5646691308632795,0.4633722566190232,0.4633722566190232,NA,NA,NA,NA
MQI,MMETH,\tau.low,0.44759176951367563,0.47280812484464757,0.4637385331513028,0.5154740575570017,0.5241830476585324,0.4169758089647886,0.4169758089647886,NA,NA,NA,NA
MQI,MMETH,\tau.hi,0.4752595381946701,0.5127620721168771,0.5491799005675029,0.6064967262248055,0.6026085123925261,0.50736018395909,0.50736018395909,NA,NA,NA,NA
MQI,MMETH,ICC,0.15359295463821684,0.18201469114925395,0.18201469114925395,0.18201469114925395,0.18201469114925395,0.18201469114925395,0.18201469114925395,NA,NA,NA,NA
MQI,MMETH,AdjICC,0.5212534445275951,0.571751910173969,0.571751910173969,0.571751910173969,0.571751910173969,0.571751910173969,0.571751910173969,NA,NA,NA,NA
MQI,MGEN,C's \kappa,0.14649001591428565,0.2614104709538613,0.2684769379275592,0.318619989852868,0.2684769379275592,0.23966097189420318,0.23966097189420318,NA,NA,NA,NA
MQI,MGEN,QWK,0.19287625273148604,0.34237822568674997,0.3419744541622065,0.4751588677065288,0.3419744541622065,0.2924630578451095,0.2924630578451095,NA,NA,NA,NA
MQI,MGEN,%Agr,0.9477113667444299,0.9543230016313201,0.9612736660929434,0.9608745684695051,0.9612736660929434,0.9449225473321853,0.9449225473321853,NA,NA,NA,NA
MQI,MGEN,Agr±1,0.9905076019628349,0.9960123255392426,0.9974182444061962,0.9953970080552359,0.9974182444061962,0.9948364888123923,0.9948364888123923,NA,NA,NA,NA
MQI,MGEN,r,0.19305933399369493,0.34432005556835715,0.37493157243627806,0.4798149823337275,0.3749315724362792,0.2926212643289579,0.2926212643289579,NA,NA,NA,NA
MQI,MGEN,r.low,0.17607756960728546,0.3208468437492315,0.3244187029066894,0.4269343060240797,0.3244187029066906,0.23913765268636214,0.23913765268636214,NA,NA,NA,NA
MQI,MGEN,r.hi,0.20992622090066307,0.3673705496281715,0.4233121510358143,0.5294252140399541,0.42331215103581543,0.34433462015698807,0.34433462015698807,NA,NA,NA,NA
MQI,MGEN,\rho,0.1853796270185751,0.3166376462624294,0.3416969388291429,0.42474608619209336,0.3416969388291429,0.27559154828954047,0.27559154828954047,NA,NA,NA,NA
MQI,MGEN,\rho.low,0.16834890483553205,0.2926948308543981,0.28988543637329406,0.36865563245648236,0.28988543637329406,0.22159572286929047,0.22159572286929047,NA,NA,NA,NA
MQI,MGEN,\rho.hi,0.2022997085336307,0.34018366508186776,0.3915114647220674,0.47775478282314154,0.3915114647220674,0.32790255186360445,0.32790255186360445,NA,NA,NA,NA
MQI,MGEN,\tau,0.18442313196139293,0.3155119414943931,0.3408605425541773,0.4231620424298498,0.3408605425541773,0.2746465566021035,0.2746465566021035,NA,NA,NA,NA
MQI,MGEN,\tau.low,0.16738645877910932,0.2915509072495221,0.2890180950506719,0.36698575907464775,0.2890180950506719,0.2206233304089498,0.2206233304089498,NA,NA,NA,NA
MQI,MGEN,\tau.hi,0.20134969503661554,0.3390772773165903,0.3907096178074554,0.4762630485698944,0.3907096178074554,0.3269897962083472,0.3269897962083472,NA,NA,NA,NA
MQI,MGEN,ICC,0.038592251912550835,0.031870234809877815,0.031870234809877815,0.031870234809877815,0.031870234809877815,0.031870234809877815,0.031870234809877815,NA,NA,NA,NA
MQI,MGEN,AdjICC,0.19409977450581614,0.16493829750598132,0.16493829750598132,0.16493829750598132,0.16493829750598132,0.16493829750598132,0.16493829750598132,NA,NA,NA,NA
MQI,MLANG,C's \kappa,0.23115442665896427,0.3722088074273946,0.40182725480704146,0.4383085640970812,0.429353964706097,0.30794019894841934,0.30794019894841934,NA,NA,NA,NA
MQI,MLANG,QWK,0.33227819499578887,0.4822520864640646,0.49197835933461054,0.5463694322023025,0.5091697217346911,0.44490677162485825,0.44490677162485825,NA,NA,NA,NA
MQI,MLANG,%Agr,0.5879510309278349,0.6547036432843945,0.6824440619621344,0.6939010356731877,0.6987951807228917,0.6041308089500864,0.6041308089500864,NA,NA,NA,NA
MQI,MLANG,Agr±1,0.9768041237113403,0.9845930759470725,0.9879518072289157,0.9850402761795167,0.9931153184165231,0.9784853700516352,0.9784853700516352,NA,NA,NA,NA
MQI,MLANG,r,0.33228251017288213,0.48287134822754735,0.4984315783997045,0.5476525744987337,0.516632665117005,0.45527864728132655,0.45527864728132655,NA,NA,NA,NA
MQI,MLANG,r.low,0.3165426879627735,0.462374580238439,0.4539352254055608,0.49933490739850467,0.47318331722298373,0.4084652970294682,0.4084652970294682,NA,NA,NA,NA
MQI,MLANG,r.hi,0.34783940815710024,0.5028523394538175,0.5404481495965928,0.5925743602962352,0.5575747093236189,0.4997031991331602,0.4997031991331602,NA,NA,NA,NA
MQI,MLANG,\rho,0.32346451616424043,0.46871187115478724,0.47731048575871143,0.5430452047974422,0.5038106541222283,0.43404322158357406,0.43404322158357406,NA,NA,NA,NA
MQI,MLANG,\rho.low,0.30762485554495245,0.4478628489524696,0.4316510911679183,0.4943961766459902,0.4596194091280054,0.38617465826953945,0.38617465826953945,NA,NA,NA,NA
MQI,MLANG,\rho.hi,0.33912494979190577,0.4890514488832838,0.5205302291686454,0.5883028254420095,0.5455132910485024,0.4795802978694165,0.4795802978694165,NA,NA,NA,NA
MQI,MLANG,\tau,0.3099262102778446,0.450893663166899,0.46468548031083207,0.5222126387291125,0.49243531417549463,0.4130808928121589,0.4130808928121589,NA,NA,NA,NA
MQI,MLANG,\tau.low,0.29393868098167364,0.42961696155918294,0.41835744444922546,0.47210447673292255,0.4476031113477429,0.3642253833334017,0.3642253833334017,NA,NA,NA,NA
MQI,MLANG,\tau.hi,0.3257403697910693,0.4716700015295464,0.5086019088116853,0.5689571818167858,0.5347982481406655,0.45966910025716085,0.45966910025716085,NA,NA,NA,NA
MQI,MLANG,ICC,0.07870330560760845,0.08674923739516759,0.08674923739516759,0.08674923739516759,0.08674923739516759,0.08674923739516759,0.08674923739516759,NA,NA,NA,NA
MQI,MLANG,AdjICC,0.3388692018676648,0.3630317758465133,0.3630317758465133,0.3630317758465133,0.3630317758465133,0.3630317758465133,0.3630317758465133,NA,NA,NA,NA
MQI,REMED,C's \kappa,0.26564080183042105,0.2971407231779296,0.2667928641083004,0.34127873360500416,0.3457207207207208,0.27206134601265847,0.27206134601265847,-0.006877968605401363,-0.014292387386445282,8.292645777096952e-4,-0.003513728469510131
MQI,REMED,QWK,0.32165324835958387,0.44220701654119243,0.43697944126627447,0.5163608596371436,0.417223363797634,0.41802889345117517,0.41802889345117517,0.017591331471394526,-0.0026748319431248563,0.05820964749536189,0.018779020955057128
MQI,REMED,%Agr,0.6576467745832348,0.6913177451513491,0.6781411359724618,0.6846950517836592,0.7426850258175548,0.6746987951807222,0.6746987951807222,0.15870153291253364,0.10421836228287831,0.27295285359801497,0.07920792079207915
MQI,REMED,Agr±1,0.9634372231617945,0.9622983505528374,0.938037865748709,0.959723820483314,0.9853700516351118,0.9638554216867473,0.9638554216867473,0.619477006311993,0.5384615384615385,0.8089330024813896,0.47524752475247495
MQI,REMED,r,0.3216542880867002,0.4448259627034987,0.45697165477643836,0.5212146317542952,0.447730252216148,0.4226144684747733,0.4226144684747733,0.05450248505243187,-0.011309608421069048,0.11185056472667758,0.10573997915006421
MQI,REMED,r.low,0.30579511834686535,0.42340758470161544,0.41024483854940397,0.4710381744297031,0.40053541192326647,0.3742010934980832,0.3742010934980832,-0.0043780490780258065,-0.10887501104471903,0.014321356414086626,-0.007021722868744398
MQI,REMED,r.hi,0.3373350158398197,0.4657473452725325,0.5013054487079962,0.5680291070630715,0.4925557534861312,0.4687304365177998,0.4687304365177998,0.11300640643290613,0.08647161058339004,0.20727156067588337,0.21584630363603222
MQI,REMED,\rho,0.3238226985495109,0.4205898189487337,0.4380748349025461,0.48669401305951177,0.44357790524678237,0.382247221853062,0.382247221853062,0.05764929652811738,0.0018306798141200023,0.1208538130009127,0.09352136913137055
MQI,REMED,\rho.low,0.3079876804513239,0.39862560069192765,0.39040231205496867,0.43424528709255755,0.39617622064752844,0.3320383338594705,0.3320383338594705,-0.0012213359414260001,-0.09587215142439669,0.02344490998020307,-0.01936069123539672
MQI,REMED,\rho.hi,0.3394783520871163,0.44207183985813514,0.4834043817178006,0.5358539619029649,0.48862138762810553,0.43029618555513405,0.43029618555513405,0.1161217122672942,0.09949857266885781,0.2159895936248411,0.2040491799118304
MQI,REMED,\tau,0.3124396867019193,0.4018303553685617,0.417374229529084,0.46233786291037193,0.43443794506864425,0.3660516908189681,0.3660516908189681,0.05515541869991404,0.0016033264196643074,0.11293756253150689,0.09241944726941619
MQI,REMED,\tau.low,0.29647976100945006,0.3794656381097568,0.3687164431503995,0.40839079874469014,0.3865884867152165,0.3151786417618068,0.3151786417618068,-0.0037231573987580317,-0.09609741085830827,0.01542201783836028,-0.020471779705395057
MQI,REMED,\tau.hi,0.32822515301835153,0.42372575253604366,0.4637509702672475,0.5130664330012712,0.47995477914808826,0.4148270574393918,0.4148270574393918,0.11365289754518051,0.09927346431228355,0.20832492837486113,0.20298368892712138
MQI,REMED,ICC,0.15576900024240745,0.16950088293649812,0.16950088293649812,0.16950088293649812,0.16950088293649812,0.16950088293649812,0.16950088293649812,0.14395427764125782,0.14395427764125782,0.14395427764125782,0.14395427764125782
MQI,REMED,AdjICC,0.5254049682898927,0.5504751650586827,0.5504751650586827,0.5504751650586827,0.5504751650586827,0.5504751650586827,0.5504751650586827,0.5022328384869849,0.5022328384869849,0.5022328384869849,0.5022328384869849
MQI,USEPROD,C's \kappa,0.24717881028715347,0.3017894308019322,0.2828866435940754,0.31773018924113977,0.2957457606502784,0.3080546739119755,0.3080546739119755,NA,NA,NA,NA
MQI,USEPROD,QWK,0.3309184375586416,0.46143156283526265,0.4384791477497983,0.49526845162204275,0.4641494820770804,0.4618580850262827,0.4618580850262827,NA,NA,NA,NA
MQI,USEPROD,%Agr,0.7588566827697301,0.7516766358528196,0.740963855421686,0.7997698504027623,0.7512908777969014,0.7392426850258186,0.7392426850258186,NA,NA,NA,NA
MQI,USEPROD,Agr±1,0.9751207729468588,0.9499728113104959,0.9345955249569706,0.9723820483314156,0.9414802065404477,0.9535283993115319,0.9535283993115319,NA,NA,NA,NA
MQI,USEPROD,r,0.3309551098994164,0.48862396629761257,0.47647192439132025,0.4982490741707692,0.4997263362882518,0.49187222302373557,0.49187222302373557,NA,NA,NA,NA
MQI,USEPROD,r.low,0.31520263297832235,0.4682734481782543,0.4307675028453624,0.4465414886580537,0.45530309273298664,0.4470087123797628,0.4470087123797628,NA,NA,NA,NA
MQI,USEPROD,r.hi,0.3465252718205986,0.5084563647319419,0.5197384647941992,0.5466398458064813,0.5416676210326518,0.5342674882441584,0.5342674882441584,NA,NA,NA,NA
MQI,USEPROD,\rho,0.30905958200051,0.46677286170282806,0.4669302365267414,0.4479111219642527,0.49219474389898094,0.46332044261878313,0.46332044261878313,NA,NA,NA,NA
MQI,USEPROD,\rho.low,0.29306540072697185,0.4458764562822047,0.4207196367864728,0.39311726704979655,0.44734916053873486,0.4169213001341541,0.4169213001341541,NA,NA,NA,NA
MQI,USEPROD,\rho.hi,0.32488083142411023,0.48716075144773924,0.510724025694278,0.4995350183840605,0.5345714948847868,0.5073111872407503,0.5073111872407503,NA,NA,NA,NA
MQI,USEPROD,\tau,0.3020248075345357,0.4506130460300199,0.45220666012005367,0.4360229778544595,0.47747811674517426,0.4457846550050644,0.4457846550050644,NA,NA,NA,NA
MQI,USEPROD,\tau.low,0.2859566076446238,0.4293297478341917,0.40523720105006983,0.3805540211574328,0.4318277336898606,0.3984926310373197,0.3984926310373197,NA,NA,NA,NA
MQI,USEPROD,\tau.hi,0.31792320884718883,0.4713961336900391,0.49679511708153523,0.48836569105568994,0.5206884963791263,0.49071252021185063,0.49071252021185063,NA,NA,NA,NA
MQI,USEPROD,ICC,0.23927406036118334,0.22717632718884198,0.22717632718884198,0.22717632718884198,0.22717632718884198,0.22717632718884198,0.22717632718884198,NA,NA,NA,NA
MQI,USEPROD,AdjICC,0.6536440421666025,0.6381711140704127,0.6381711140704127,0.6381711140704127,0.6381711140704127,0.6381711140704127,0.6381711140704127,NA,NA,NA,NA
MQI,MAJERR,C's \kappa,0.24219352059079816,0.21588777192518463,0.2680835500650207,0.25566209842484644,0.2222168551653701,0.18545593583715278,0.18545593583715278,NA,NA,NA,NA
MQI,MAJERR,QWK,0.27853482568899307,0.34992943807794813,0.35232915582880264,0.4469765961882403,0.4342629482071716,0.28567718959824856,0.28567718959824856,NA,NA,NA,NA
MQI,MAJERR,%Agr,0.9141316594237893,0.8957766902301968,0.9199655765920827,0.9113924050632912,0.9165232358003441,0.8674698795180722,0.8674698795180722,NA,NA,NA,NA
MQI,MAJERR,Agr±1,0.9886528247223565,0.9851368497371762,0.9982788296041308,0.9850402761795167,0.987091222030981,0.9776247848537004,0.9776247848537004,NA,NA,NA,NA
MQI,MAJERR,r,0.27853866030240515,0.3582262332782214,0.37853734973260617,0.4508190584985731,0.44225086888230275,0.3108073072798239,0.3108073072798239,NA,NA,NA,NA
MQI,MAJERR,r.low,0.26224010148539734,0.3350045939144253,0.3281734892088062,0.3961934563191832,0.39478352996428506,0.25790931724328553,0.25790931724328553,NA,NA,NA,NA
MQI,MAJERR,r.hi,0.2946783523741581,0.38101295401043495,0.4267551989305725,0.5022645163651052,0.4873636288257782,0.3618475212837136,0.3618475212837136,NA,NA,NA,NA
MQI,MAJERR,\rho,0.2787513917790671,0.3112904289083737,0.3353434142617195,0.4261930500974716,0.37700291593020707,0.26669984611717157,0.26669984611717157,NA,NA,NA,NA
MQI,MAJERR,\rho.low,0.2624548664710591,0.28726168241774974,0.2832989751831296,0.3701813149078285,0.3265754502685636,0.2124504452831109,0.2124504452831109,NA,NA,NA,NA
MQI,MAJERR,\rho.hi,0.29488894943677285,0.3349276248612328,0.3854184917715098,0.47911715838988495,0.42529018523860757,0.3193103023254115,0.3193103023254115,NA,NA,NA,NA
MQI,MAJERR,\tau,0.2767471184535916,0.3075811866874019,0.33419383160446064,0.42092076779374465,0.3744014679473341,0.26284532928099075,0.26284532928099075,NA,NA,NA,NA
MQI,MAJERR,\tau.low,0.26043149826456097,0.2834937398454208,0.28210777014850497,0.36462366189001005,0.3238668259941312,0.20848895509704019,0.20848895509704019,NA,NA,NA,NA
MQI,MAJERR,\tau.hi,0.29290472353178937,0.33128076580360577,0.3843155856174692,0.4741518609764844,0.4228058524059738,0.31558290741046174,0.31558290741046174,NA,NA,NA,NA
MQI,MAJERR,ICC,0.09746323143822205,0.06330798485687256,0.06330798485687256,0.06330798485687256,0.06330798485687256,0.06330798485687256,0.06330798485687256,NA,NA,NA,NA
MQI,MAJERR,AdjICC,0.39317759428750165,0.28851985582413,0.28851985582413,0.28851985582413,0.28851985582413,0.28851985582413,0.28851985582413,NA,NA,NA,NA
MQI,LANGIMP,C's \kappa,0.2525706918117675,0.20176078812392947,0.32145502193357295,0.21213600566511454,0.21417435104738547,0.15272753322110358,0.15272753322110358,-0.003660704572055075,3.613963039014445e-4,-0.03344946311261861,0.02517032551097655
MQI,LANGIMP,QWK,0.28859685250536143,0.34146013267048697,0.36130712210819954,0.4263625919555181,0.3895378327850317,0.2888045353100091,0.2888045353100091,-0.010814436106758337,-0.009186954524574945,-0.04685212298682201,0.029191883232467
MQI,LANGIMP,%Agr,0.804538504868431,0.7995287293819101,0.8588640275387264,0.8055235903337168,0.8253012048192769,0.7547332185886402,0.7547332185886402,0.3174030658250676,0.2506203473945408,0.37717121588089336,0.32673267326732675
MQI,LANGIMP,Agr±1,0.9920334754969019,0.978067790465833,0.995697074010327,0.9850402761795167,0.9750430292598966,0.96815834767642,0.96815834767642,0.9783588818755635,0.9702233250620347,0.98014888337469,0.9867986798679869
MQI,LANGIMP,r,0.28861957660818144,0.34886361962997914,0.397921021519249,0.4353924227050655,0.39928510914140025,0.3099452017498805,0.3099452017498805,-0.02167418635236628,-0.02339983884933706,-0.07761808340781605,0.059113126837360225
MQI,LANGIMP,r.low,0.2724198117507667,0.32547145057246346,0.34838550324370976,0.37988822947480705,0.3498096208264331,0.2570185478155191,0.2570185478155191,-0.08043804453041799,-0.12080937554218635,-0.173984587989625,-0.05392408929670622
MQI,LANGIMP,r.hi,0.30465575821900664,0.37182902227326975,0.4452401593342968,0.48777278308826516,0.4465394846459635,0.36101813850785736,0.36101813850785736,0.037239815032651495,0.07445604125791425,0.0202209214778877,0.17065448095859687
MQI,LANGIMP,\rho,0.27728547526838243,0.3131408465158382,0.38197077613592,0.3963326222918396,0.3704399098172137,0.2622735176365082,0.2622735176365082,-0.02430685466261598,-0.02998397927871078,-0.07534157294458171,0.053596868277386515
MQI,LANGIMP,\rho.low,0.2609756294775129,0.28914166174891054,0.3317502820310705,0.3387575080145483,0.3197436474680017,0.20790142600477876,0.20790142600477876,-0.08305450309565424,-0.12729681250805994,-0.1717631182100761,-0.059440143233026335
MQI,LANGIMP,\rho.hi,0.29343706242260464,0.33674665685982047,0.43003237552918133,0.45095058535454197,0.4190212424275512,0.31502981544545006,0.31502981544545006,0.034609153892027615,0.06790058822933327,0.022509780692939747,0.16527677161336918
MQI,LANGIMP,\tau,0.2751906813465406,0.3069056325853079,0.3798763608302804,0.3904500438372575,0.36506426663011854,0.2556653459290369,0.2556653459290369,-0.02394707972003395,-0.02942740374426244,-0.07447648792953719,0.05297873689403698
MQI,LANGIMP,\tau.low,0.2588609919836389,0.28280757486184366,0.32956824039343335,0.3325820475908421,0.31415176190676747,0.20111446015881893,0.20111446015881893,-0.08269699111607445,-0.12674873356050248,-0.1709186917267041,-0.0600578218778596
MQI,LANGIMP,\tau.hi,0.2913631108043408,0.330616497140828,0.42803342439825176,0.4453888443374437,0.41388300845808546,0.30863537772914607,0.30863537772914607,0.034968702707107883,0.06845506596699642,0.023379289412266475,0.16467375148260988
MQI,LANGIMP,ICC,0.1160169768139721,0.1275555042132019,0.1275555042132019,0.1275555042132019,0.1275555042132019,0.1275555042132019,0.1275555042132019,0.11843048367537615,0.11843048367537615,0.11843048367537615,0.11843048367537615
MQI,LANGIMP,AdjICC,0.44054713003194307,0.46729974946845365,0.46729974946845365,0.46729974946845365,0.46729974946845365,0.46729974946845365,0.46729974946845365,0.4463033148400832,0.4463033148400832,0.4463033148400832,0.4463033148400832
MQI,LCP,C's \kappa,0.18051197778262792,0.19856918091450626,0.2618371095538945,0.24671867688460328,0.17843284620737607,0.16644295798344216,0.16644295798344216,NA,NA,NA,NA
MQI,LCP,QWK,0.2322073542988066,0.32094436904042406,0.32284919168774195,0.4397778803396258,0.36304278039237103,0.2496083602202019,0.2496083602202019,NA,NA,NA,NA
MQI,LCP,%Agr,0.8587866108786614,0.8627877469639299,0.8889845094664373,0.8699654775604142,0.8907056798623063,0.8330464716006882,0.8330464716006882,NA,NA,NA,NA
MQI,LCP,Agr±1,0.990263920180238,0.9835055283668661,0.9948364888123924,0.9758342922899885,0.9845094664371772,0.9802065404475042,0.9802065404475042,NA,NA,NA,NA
MQI,LCP,r,0.2324490649125984,0.3215088769786919,0.35689268835727117,0.4489276263644693,0.36778738967158997,0.2531438412784386,0.2531438412784386,NA,NA,NA,NA
MQI,LCP,r.low,0.21574932018085335,0.2976456894834696,0.3056582321616316,0.3941924468047453,0.31698398474978123,0.19852611212935645,0.19852611212935645,NA,NA,NA,NA
MQI,LCP,r.hi,0.24901286831446515,0.3449705546036075,0.40606635601785757,0.5004892639674112,0.4164862566602428,0.3061941656925239,0.3061941656925239,NA,NA,NA,NA
MQI,LCP,\rho,0.21530978765357256,0.27528740791090506,0.3290704780517961,0.4103970443633839,0.3419068164876071,0.2091065993768273,0.2091065993768273,NA,NA,NA,NA
MQI,LCP,\rho.low,0.19847965673235568,0.25072029290901093,0.2768008699100694,0.3535423055980682,0.2901030924579694,0.15344398106077756,0.15344398106077756,NA,NA,NA,NA
MQI,LCP,\rho.hi,0.2320129794500417,0.2995001660195356,0.37939851534485003,0.46423075899083344,0.3917126610058921,0.26344640931138813,0.26344640931138813,NA,NA,NA,NA
MQI,LCP,\tau,0.21360211767579976,0.27152319699041444,0.3272321599324494,0.40505498918298,0.3386965717302857,0.20628186767833276,0.20628186767833276,NA,NA,NA,NA
MQI,LCP,\tau.low,0.1967595680434547,0.24690383228716672,0.2748974700904339,0.3479232842667967,0.2867744563707913,0.15056011246483467,0.15056011246483467,NA,NA,NA,NA
MQI,LCP,\tau.hi,0.2303186382727204,0.29579227229750976,0.37763352074407563,0.4591894322174197,0.38863468388553607,0.26069708765722205,0.26069708765722205,NA,NA,NA,NA
MQI,LCP,ICC,0.14065533010225786,0.1477342630509145,0.1477342630509145,0.1477342630509145,0.1477342630509145,0.1477342630509145,0.1477342630509145,NA,NA,NA,NA
MQI,LCP,AdjICC,0.49547557665410125,0.5098177962265982,0.5098177962265982,0.5098177962265982,0.5098177962265982,0.5098177962265982,0.5098177962265982,NA,NA,NA,NA
MQI,STEXPL,C's \kappa,0.36180239954566706,0.2903020993984165,0.26490171716206307,0.3047062864994847,0.26360736359407194,0.31016531190062985,0.31016531190062985,NA,NA,NA,NA
MQI,STEXPL,QWK,0.3953130073701189,0.4538595353645438,0.4467392518960094,0.4470209126636664,0.4807444697470799,0.4462313534448838,0.4462313534448838,NA,NA,NA,NA
MQI,STEXPL,%Agr,0.7970221327967858,0.7688961392060956,0.7607573149741815,0.788262370540851,0.770223752151462,0.7650602409638556,0.7650602409638556,NA,NA,NA,NA
MQI,STEXPL,Agr±1,0.9920321931589537,0.971179989124525,0.9672977624784852,0.9746835443037976,0.9750430292598966,0.9698795180722889,0.9698795180722889,NA,NA,NA,NA
MQI,STEXPL,r,0.3953150170250584,0.4842522856799702,0.4843327684986436,0.4584041909577816,0.514723709907352,0.4800761660523646,0.4800761660523646,NA,NA,NA,NA
MQI,STEXPL,r.low,0.38037543792371914,0.46379046004615576,0.43905387953576686,0.4042232387782467,0.47116260153849016,0.43456589717134536,0.43456589717134536,NA,NA,NA,NA
MQI,STEXPL,r.hi,0.41004833809343183,0.5041977598859875,0.5271577082966276,0.5093793840009371,0.5557800865684607,0.5231410404094283,0.5231410404094283,NA,NA,NA,NA
MQI,STEXPL,\rho,0.3925764554151148,0.4745151442794945,0.46984265611359677,0.4567417967930272,0.49976006072943235,0.4730115181160201,0.4730115181160201,NA,NA,NA,NA
MQI,STEXPL,\rho.low,0.377599397068849,0.45380916562186696,0.42378535599863343,0.4024626780847502,0.45533872425159616,0.42712221503299036,0.42712221503299036,NA,NA,NA,NA
MQI,STEXPL,\rho.hi,0.40734816091010206,0.49470898687212506,0.5134765339426686,0.5078206514308639,0.5416993821355643,0.5164703845668611,0.5164703845668611,NA,NA,NA,NA
MQI,STEXPL,\tau,0.3888906992290991,0.46347137204813593,0.46080221084050027,0.4450108979194123,0.4918954145997543,0.46108289893302346,0.46108289893302346,NA,NA,NA,NA
MQI,STEXPL,\tau.low,0.37386362353474645,0.4424947622369051,0.41427249809166217,0.3900504577304914,0.4470331926230487,0.4145677008304195,0.4145677008304195,NA,NA,NA,NA
MQI,STEXPL,\tau.hi,0.40371365755956773,0.4839410813210441,0.5049295363771724,0.49681173834368064,0.534289348879183,0.5051950341133036,0.5051950341133036,NA,NA,NA,NA
MQI,STEXPL,ICC,0.2963951391614131,0.2694314163989032,0.2694314163989032,0.2694314163989032,0.2694314163989032,0.2694314163989032,0.2694314163989032,NA,NA,NA,NA
MQI,STEXPL,AdjICC,0.7165142019612745,0.6887432080258172,0.6887432080258172,0.6887432080258172,0.6887432080258172,0.6887432080258172,0.6887432080258172,NA,NA,NA,NA
MQI,SMQR,C's \kappa,0.2465063869615439,0.30185891416817723,0.23146769738494127,0.2880781482621244,0.3488400600655817,0.31559043475788323,0.31559043475788323,0.06764713337050733,0.10040407589599443,0.08648195696314048,0.002415707993931229
MQI,SMQR,QWK,0.30228357079901397,0.4077899748133242,0.45010560277504497,0.4080276536206743,0.411747720086992,0.37424980693242454,0.37424980693242454,0.07637938819660135,0.09318181818181778,0.07176627469996423,0.056812430680435386
MQI,SMQR,%Agr,0.7647106174031997,0.7592894689142661,0.7461273666092949,0.7733026467203683,0.7796901893287437,0.7504302925989675,0.7504302925989675,0.39528558476881237,0.42105263157894757,0.4764267990074441,0.25249169435215946
MQI,SMQR,Agr±1,0.9778636400225394,0.9851368497371764,0.96815834767642,0.9723820483314154,0.9939759036144579,0.9939759036144579,0.9939759036144579,0.9011786038077972,0.9072681704260653,0.8759305210918114,0.9269102990033223
MQI,SMQR,r,0.3023636025000403,0.4084922114263757,0.4619046872112981,0.41243924971838875,0.4280862593887856,0.3791994585373435,0.3791994585373435,0.12983732884139979,0.156497482588015,0.1074631483618849,0.13372599449440584
MQI,SMQR,r.low,0.28630087708124946,0.38626752348933435,0.41543204084808455,0.355691476518891,0.3799317127165805,0.3288631327013878,0.3288631327013878,0.07135776077407388,0.059232893407536465,0.009881190959464912,0.020991033748225692
MQI,SMQR,r.hi,0.31825641820503525,0.4302428681871954,0.5059723006172762,0.46615707821737307,0.473926805834026,0.427387274781161,0.427387274781161,0.18742735859426016,0.25081853364390067,0.20301763443348672,0.24310305859386647
MQI,SMQR,\rho,0.2913378374851369,0.3929532455598785,0.4111478237078148,0.4021376346735565,0.41620911183579934,0.3712299080961524,0.3712299080961524,0.12158838170954603,0.15546055764967026,0.10510331709071695,0.11883374163785482
MQI,SMQR,\rho.low,0.2751625380312589,0.37040569081400376,0.3622040312473283,0.3448564073790118,0.3674974431010737,0.3205657222109528,0.3205657222109528,0.06301418788514004,0.05817377399299211,0.007494578292750596,0.0058601657531689964
MQI,SMQR,\rho.hi,0.3073482438511596,0.4150379889544521,0.45783060087868077,0.456434835910049,0.46264343463275653,0.41977608917910597,0.41977608917910597,0.17932780092318545,0.2498223460666847,0.2007281098938428,0.22881208594339877
MQI,SMQR,\tau,0.2859267923961428,0.3837639519208673,0.400531226227855,0.3917706804832167,0.4112875811043319,0.36684024110141394,0.36684024110141394,0.1161585439496585,0.1488921834151892,0.0998872669674556,0.11491154197389969
MQI,SMQR,\tau.low,0.2696978336629245,0.3610316467090779,0.35111077618286096,0.33396800426387924,0.36235015590713743,0.31599878663218806,0.31599878663218806,0.05752652809470548,0.051469892962832296,0.002223274387010528,0.0018837094091222878
MQI,SMQR,\tau.hi,0.3019933683939126,0.4060404558190132,0.44772626610870714,0.44663782229257804,0.45796353444648347,0.4155808931663477,0.4155808931663477,0.17399202280723403,0.24350737788456617,0.19566375319933582,0.22504034345652088
MQI,SMQR,ICC,0.1917574365501163,0.1906875060078075,0.1906875060078075,0.1906875060078075,0.1906875060078075,0.1906875060078075,0.1906875060078075,0.19276932835388344,0.19276932835388344,0.19276932835388344,0.19276932835388344
MQI,SMQR,AdjICC,0.587376019933453,0.5856982977203171,0.5856982977203171,0.5856982977203171,0.5856982977203171,0.5856982977203171,0.5856982977203171,0.5889543233789349,0.5889543233789349,0.5889543233789349,0.5889543233789349
MQI,ETCA,C's \kappa,0.23668321395591868,0.3043050717234787,0.27908293775532284,0.39108203054721746,0.2709141746721165,0.3068204414396501,0.3068204414396501,NA,NA,NA,NA
MQI,ETCA,QWK,0.31898049884124324,0.5014330731259657,0.4972767395999625,0.5548674008708004,0.5133366026310734,0.47620672010916026,0.47620672010916026,NA,NA,NA,NA
MQI,ETCA,%Agr,0.6674987920760135,0.6838861700199373,0.6643717728055067,0.7445339470655935,0.6454388984509458,0.6901893287435461,0.6901893287435461,NA,NA,NA,NA
MQI,ETCA,Agr±1,0.9829280077307136,0.971361247054558,0.9638554216867471,0.9838895281933258,0.9604130808950084,0.9759036144578315,0.9759036144578315,NA,NA,NA,NA
MQI,ETCA,r,0.3189863095771023,0.5161528963771723,0.5214565018792725,0.5600334475387823,0.5548361514741028,0.48270003445544446,0.48270003445544446,NA,NA,NA,NA
MQI,ETCA,r.low,0.30309829820473283,0.49652738556543824,0.47829160545840355,0.5126217839661278,0.5137198016072263,0.4373321263419713,0.4373321263419713,NA,NA,NA,NA
MQI,ETCA,r.hi,0.3346970360606947,0.5352509735415656,0.5621079287990344,0.6040402791313803,0.5934097991873724,0.5256172337910814,0.5256172337910814,NA,NA,NA,NA
MQI,ETCA,\rho,0.2976031073719879,0.5029140491071475,0.5125217662203378,0.5409373076804702,0.5473633041026829,0.4626852079534326,0.4626852079534326,NA,NA,NA,NA
MQI,ETCA,\rho.low,0.2814879837421892,0.48293468474589724,0.46883231202973535,0.49213772674427475,0.5057761365142488,0.4162530542327299,0.4162530542327299,NA,NA,NA,NA
MQI,ETCA,\rho.hi,0.3135504032823226,0.5223700617699457,0.5537095478325226,0.5863477321785432,0.5864122350344708,0.5067104690621306,0.5067104690621306,NA,NA,NA,NA
MQI,ETCA,\tau,0.29054182597374667,0.4818729573772769,0.4930815665696179,0.521477693173452,0.5259593507899237,0.44480551445593913,0.44480551445593913,NA,NA,NA,NA
MQI,ETCA,\tau.low,0.27435529265446285,0.4613509918463673,0.4482853441437391,0.47131922336179427,0.48306261518831073,0.397464759319346,0.397464759319346,NA,NA,NA,NA
MQI,ETCA,\tau.hi,0.30656376727955204,0.5018795664099668,0.5354073531775103,0.5682737468309378,0.5663372956845915,0.4897847431698774,0.4897847431698774,NA,NA,NA,NA
MQI,ETCA,ICC,0.20990858145310065,0.22207563814306414,0.22207563814306414,0.22207563814306414,0.22207563814306414,0.22207563814306414,0.22207563814306414,NA,NA,NA,NA
MQI,ETCA,AdjICC,0.6145035969990801,0.6313815384941712,0.6313815384941712,0.6313815384941712,0.6313815384941712,0.6313815384941712,0.6313815384941712,NA,NA,NA,NA
CLASS,CLPC,C's \kappa,NA,0.29298478544107437,0.3093573068943711,0.32663821240271146,0.23442535123421746,0.29980787704130646,0.29980787704130646,0.007454549500433903,-0.008109477952356817,0.029364581153658316,-0.005547612239062089
CLASS,CLPC,QWK,NA,0.6590203710411486,0.7094922121873686,0.6533334088117227,0.6320358781947065,0.6443327130350684,0.6443327130350684,-0.015240355804146241,-0.011358332036719859,0.011638591117916562,-0.027086823628714472
CLASS,CLPC,%Agr,NA,0.48061188189256504,0.4653130287648053,0.48993288590604017,0.4517766497461927,0.4991539763113367,0.4991539763113367,0.23518518518518516,0.2153846153846153,0.2755102040816326,0.20805369127516782
CLASS,CLPC,Agr±1,NA,0.9071504802561369,0.9373942470389173,0.9060402684563759,0.8747884940778341,0.9086294416243655,0.9086294416243655,0.6185185185185184,0.6051282051282052,0.6836734693877551,0.5503355704697988
CLASS,CLPC,r,NA,0.6618172890066,0.7123271329431541,0.6728451760088746,0.6901814669716392,0.6484020055035846,0.6484020055035846,-0.02149340423674418,-0.015623407902943514,0.013885010892254239,-0.07408321955609526
CLASS,CLPC,r.low,NA,0.6405190109962102,0.670177225510833,0.6187073782178907,0.6454586117421653,0.5990787859664011,0.5990787859664011,-0.10567933307437777,-0.15579375608479512,-0.12651385096305523,-0.232118047686019
CLASS,CLPC,r.hi,NA,0.6820982273772208,0.7498970862947224,0.7206229006496073,0.7301879073918965,0.6928228854082845,0.6928228854082845,0.06299843210828797,0.12516372114509475,0.15373849572406814,0.08776220711976701
CLASS,CLPC,\rho,NA,0.6679793956866962,0.7211927294254317,0.7096919723759355,0.709388986304667,0.6211264086548343,0.6211264086548343,-0.021421642616288067,-0.007634590098885696,0.016845794788718872,-0.09071195583427229
CLASS,CLPC,\rho.low,NA,0.6469867601177139,0.6800991314113031,0.6604138332945183,0.666892327787533,0.5689773846894739,0.5689773846894739,-0.10560833967095094,-0.1479881945273108,-0.12359868281291346,-0.247895979063611
CLASS,CLPC,\rho.hi,NA,0.6879601796268857,0.7577686319232562,0.7528834968646311,0.7472860288931181,0.6682998647479328,0.6682998647479328,0.06306994152241666,0.13302046757109812,0.15662866039590076,0.07112546675708623
CLASS,CLPC,\tau,NA,0.5930830552571419,0.649609464590296,0.6437194420574137,0.6385831283418988,0.5557374584339084,0.5557374584339084,-0.018110452719670572,-0.007365572022679424,0.014874586887327446,-0.07933258359026574
CLASS,CLPC,\tau.low,NA,0.5685797760244615,0.6004145705552882,0.5859548315996318,0.58822656938272,0.49737863919185815,0.49737863919185815,-0.1023316628532691,-0.14772504280871365,-0.12553979075451072,-0.23710782844451866
CLASS,CLPC,\tau.hi,NA,0.6165348529169299,0.6939061214194953,0.6949751084516256,0.684006721901251,0.609089258717124,0.609089258717124,0.06636855095376759,0.1332847309255199,0.1547047351322752,0.0825200504516694
CLASS,CLPC,ICC,0.1767205988051539,0.180745153922099,0.180745153922099,0.180745153922099,0.180745153922099,0.180745153922099,0.180745153922099,0.17080332878762378,0.17080332878762378,0.17080332878762378,0.17080332878762378
CLASS,CLPC,AdjICC,0.5629230767810179,0.5696571117774376,0.5696571117774376,0.5696571117774376,0.5696571117774376,0.5696571117774376,0.5696571117774376,0.5527566195678381,0.5527566195678381,0.5527566195678381,0.5527566195678381
CLASS,CLNC,C's \kappa,NA,0.29048675940512375,0.29482878948197866,0.21975243303637054,0.3794540035225579,0.277467708499442,0.277467708499442,NA,NA,NA,NA
CLASS,CLNC,QWK,NA,0.4126344400182973,0.490183223491252,0.39224112599906075,0.4714530563980609,0.371667144495413,0.371667144495413,NA,NA,NA,NA
CLASS,CLNC,%Agr,NA,0.8049822064056931,0.8206429780033839,0.733183856502242,0.8426395939086295,0.8054145516074451,0.8054145516074451,NA,NA,NA,NA
CLASS,CLNC,Agr±1,NA,0.9224199288256231,0.9340101522842639,0.9147982062780269,0.9272419627749576,0.9170896785109983,0.9170896785109983,NA,NA,NA,NA
CLASS,CLNC,r,NA,0.542894247222481,0.5534420921046272,0.5694091829058201,0.6115794435873592,0.4962466083979248,0.4962466083979248,NA,NA,NA,NA
CLASS,CLNC,r.low,NA,0.5162815675129386,0.4948796497995083,0.5031592750521084,0.5584742491922037,0.4329215549668592,0.4329215549668592,NA,NA,NA,NA
CLASS,CLNC,r.hi,NA,0.5684594829700051,0.6069999111201702,0.6290054707166426,0.6596920592638541,0.5546977781818404,0.5546977781818404,NA,NA,NA,NA
CLASS,CLNC,\rho,NA,0.5195547438073157,0.518924538292353,0.5472083590088411,0.6372015581910379,0.4512853300569949,0.4512853300569949,NA,NA,NA,NA
CLASS,CLNC,\rho.low,NA,0.49203060708912477,0.4574164758895024,0.4786773184825006,0.5867010567740382,0.3846328419967315,0.3846328419967315,NA,NA,NA,NA
CLASS,CLNC,\rho.hi,NA,0.5460412576067746,0.5754909140812562,0.6091120567722453,0.6827651732873505,0.5132563021434414,0.5132563021434414,NA,NA,NA,NA
CLASS,CLNC,\tau,NA,0.5017137529628886,0.5046908988692815,0.521988793802124,0.6209181383669016,0.4374507190446329,0.4374507190446329,NA,NA,NA,NA
CLASS,CLNC,\tau.low,NA,0.47352164914117795,0.44203150036476146,0.4509951366713004,0.5687480735439276,0.369847413165566,0.369847413165566,NA,NA,NA,NA
CLASS,CLNC,\tau.hi,NA,0.5288788833193695,0.5624487925421796,0.5864187466739047,0.6681122172351214,0.5004463289957486,0.5004463289957486,NA,NA,NA,NA
CLASS,CLNC,ICC,0.14206131258838203,0.11498235485572295,0.11498235485572295,0.11498235485572295,0.11498235485572295,0.11498235485572295,0.11498235485572295,NA,NA,NA,NA
CLASS,CLNC,AdjICC,0.4983713996069385,0.4380525565950146,0.4380525565950146,0.4380525565950146,0.4380525565950146,0.4380525565950146,0.4380525565950146,NA,NA,NA,NA
CLASS,CLTS,C's \kappa,NA,0.29077982780699213,0.34469561485084776,0.3465247497552144,0.35373977995356787,0.20889469777138972,0.20889469777138972,NA,NA,NA,NA
CLASS,CLTS,QWK,NA,0.5849968604084792,0.5911096545598759,0.6568437024163722,0.6557881458500207,0.5209901364401791,0.5209901364401791,NA,NA,NA,NA
CLASS,CLTS,%Agr,NA,0.4928825622775802,0.5279187817258884,0.5336322869955155,0.5600676818950929,0.4263959390862945,0.4263959390862945,NA,NA,NA,NA
CLASS,CLTS,Agr±1,NA,0.925266903914591,0.9340101522842639,0.9686098654708519,0.9306260575296109,0.9018612521150592,0.9018612521150592,NA,NA,NA,NA
CLASS,CLTS,r,NA,0.5973856377849035,0.5998380421171617,0.6679366108278727,0.6766145882923242,0.5348061051261586,0.5348061051261586,NA,NA,NA,NA
CLASS,CLTS,r.low,NA,0.5730675898032612,0.5455802007993963,0.6131088897612522,0.630361627783114,0.47462625063193425,0.47462625063193425,NA,NA,NA,NA
CLASS,CLTS,r.hi,NA,0.6206525630078183,0.6490883522447122,0.7163606999622363,0.718080691828673,0.5900091293331945,0.5900091293331945,NA,NA,NA,NA
CLASS,CLTS,\rho,NA,0.604511461613454,0.6279634905699082,0.7061996693230628,0.6494629622634661,0.535874631075669,0.535874631075669,NA,NA,NA,NA
CLASS,CLTS,\rho.low,NA,0.5805107880060583,0.5765097000138378,0.6563881365860587,0.6002524837206178,0.4757857939960592,0.4757857939960592,NA,NA,NA,NA
CLASS,CLTS,\rho.hi,NA,0.6274626266804412,0.6744566121375294,0.7498806738581766,0.6937747019002817,0.5909846477557719,0.5909846477557719,NA,NA,NA,NA
CLASS,CLTS,\tau,NA,0.5440577688767467,0.56593315068697,0.6539018956066337,0.6075084193394437,0.4822372652191842,0.4822372652191842,NA,NA,NA,NA
CLASS,CLTS,\tau.low,NA,0.5174916450077234,0.5084905137061753,0.5973163293821543,0.554000666542916,0.41783634676743586,0.41783634676743586,NA,NA,NA,NA
CLASS,CLTS,\tau.hi,NA,0.5695760844233565,0.6183609035185913,0.7040094399328011,0.6560176690467472,0.5418161865849964,0.5418161865849964,NA,NA,NA,NA
CLASS,CLTS,ICC,0.09611941766285918,0.11008840662163354,0.11008840662163354,0.11008840662163354,0.11008840662163354,0.11008840662163354,0.11008840662163354,NA,NA,NA,NA
CLASS,CLTS,AdjICC,0.3895161692056035,0.42602717523443134,0.42602717523443134,0.42602717523443134,0.42602717523443134,0.42602717523443134,0.42602717523443134,NA,NA,NA,NA
CLASS,CLRSP,C's \kappa,NA,0.3334105510466199,0.30906627438835566,0.2769633720458053,0.4853376940657262,0.28964698971191827,0.28964698971191827,NA,NA,NA,NA
CLASS,CLRSP,QWK,NA,0.6826674159420879,0.6599254051057192,0.7148246356965893,0.7384326742675691,0.6491162550184192,0.6491162550184192,NA,NA,NA,NA
CLASS,CLRSP,%Agr,NA,0.5076485236570617,0.48900169204737726,0.46532438478747207,0.62605752961082894,0.4737732656514383,0.4737732656514383,NA,NA,NA,NA
CLASS,CLRSP,Agr±1,NA,0.9171113482746353,0.9035532994923858,0.912751677852349,0.9407783417935702,0.9137055837563451,0.9137055837563451,NA,NA,NA,NA
CLASS,CLRSP,r,NA,0.6913318677452401,0.6754924558853864,0.7382133869719091,0.7432513485677066,0.6576787144279933,0.6576787144279933,NA,NA,NA,NA
CLASS,CLRSP,r.low,NA,0.671524968825368,0.6291145031348476,0.6929069983902968,0.7048514670032685,0.6093484515836417,0.6093484515836417,NA,NA,NA,NA
CLASS,CLRSP,r.hi,NA,0.7101515235623619,0.7170781648001071,0.7777132490546877,0.7773078535783916,0.7011400655837107,0.7011400655837107,NA,NA,NA,NA
CLASS,CLRSP,\rho,NA,0.6604840698586302,0.6374416379945809,0.7143969829775935,0.733032129276522,0.6188019261457848,0.6188019261457848,NA,NA,NA,NA
CLASS,CLRSP,\rho.low,NA,0.6391200612261596,0.5869661241844703,0.6657613597488259,0.6933726770175533,0.5664185271703344,0.5664185271703344,NA,NA,NA,NA
CLASS,CLRSP,\rho.hi,NA,0.680829605880192,0.6829809399979663,0.7569880011443282,0.768263970637315,0.6662052103771465,0.6662052103771465,NA,NA,NA,NA
CLASS,CLRSP,\tau,NA,0.5919675779620357,0.5719101506946371,0.6467291454629359,0.6729714664625284,0.5504806992523815,0.5504806992523815,NA,NA,NA,NA
CLASS,CLRSP,\tau.low,NA,0.5674153675925986,0.5150135129726373,0.5893305900796371,0.626313575875131,0.49165698076984266,0.49165698076984266,NA,NA,NA,NA
CLASS,CLRSP,\tau.hi,NA,0.6154681461809421,0.623789424070731,0.6976314756206581,0.7148252538331031,0.6043032214034201,0.6043032214034201,NA,NA,NA,NA
CLASS,CLRSP,ICC,0.08644677553535625,0.09723936922232007,0.09723936922232007,0.09723936922232007,0.09723936922232007,0.09723936922232007,0.09723936922232007,NA,NA,NA,NA
CLASS,CLRSP,AdjICC,0.3621480131816785,0.3925699458052204,0.3925699458052204,0.3925699458052204,0.3925699458052204,0.3925699458052204,0.3925699458052204,NA,NA,NA,NA
CLASS,CLBM,C's \kappa,NA,0.10508204746257863,0.27922685873376984,0.08329854320933394,0.042525350293070543,0.05633512260130126,0.05633512260130126,0.052218163496662,0.0771266995548069,0.045631207715560604,0.019329361230428166
CLASS,CLBM,QWK,NA,0.5869166909056783,0.6535670444488868,0.6136510962821726,0.6073803954710145,0.5282366849555922,0.5282366849555922,0.2378708338420229,0.33290570878768583,0.13741906846463314,0.2533247671056857
CLASS,CLBM,%Agr,NA,0.38064745642120273,0.4974619289340102,0.3736017897091724,0.3401015228426398,0.3451776649746194,0.3451776649746194,0.35250463821892397,0.3948717948717949,0.30256410256410254,0.36241610738255037
CLASS,CLBM,Agr±1,NA,0.8794023479188897,0.8934010152284264,0.8680089485458614,0.9170896785109983,0.8578680203045685,0.8578680203045685,0.8478664192949908,0.9025641025641026,0.764102564102564,0.8859060402684564
CLASS,CLBM,r,NA,0.6731928168688892,0.7073829459287175,0.6944367691557931,0.7296067355775265,0.6363484393710847,0.6363484393710847,0.29237786628460366,0.3916731933331101,0.19078117708974862,0.2993529109820125
CLASS,CLBM,r.low,NA,0.6524611286588946,0.6646504890993837,0.6431096888211836,0.6895295850157932,0.5857592325285064,0.5857592325285064,0.213186195563407,0.26578848303622277,0.051653498892298914,0.14555960603085183
CLASS,CLBM,r.hi,NA,0.6929176214892648,0.7455026384983376,0.7395521877850363,0.7652293889014393,0.6819983862600584,0.6819983862600584,0.36775281856351916,0.504424583837678,0.3226443722364592,0.43902021544408965
CLASS,CLBM,\rho,NA,0.5597479090950096,0.6433301911005216,0.5968074274513726,0.6416672303780296,0.5162037180778823,0.5162037180778823,0.2400035700911344,0.3530289699497581,0.15343505524062398,0.24727384985929618
CLASS,CLBM,\rho.low,NA,0.5338246874140655,0.5934709498090627,0.5335950489652783,0.5916332900180362,0.45447272357426183,0.45447272357426183,0.15876582378742987,0.22360870552211035,0.013207441975834126,0.09005461501795732
CLASS,CLBM,\rho.hi,NA,0.5846199740972092,0.688270667312051,0.6533888636693298,0.6867773024387438,0.5730000798953969,0.5730000798953969,0.31801341334728783,0.47021628194756626,0.28774379604281974,0.39246861321833626
CLASS,CLBM,\tau,NA,0.5112632175359676,0.5932675834230705,0.5496084615006861,0.6029259810230698,0.47288026810051276,0.47288026810051276,0.21785200840065402,0.32466317397727956,0.1373847612585453,0.22608833411741874
CLASS,CLBM,\tau.low,NA,0.48343059812409733,0.538375915757347,0.481399516499329,0.5489687933012607,0.4077805080976379,0.4077805080976379,0.13589646764403263,0.19295318218778168,-0.0031891625504729135,0.06775148643747617
CLASS,CLBM,\tau.hi,NA,0.5380631992268392,0.6431461811043245,0.6112007460390547,0.6518789383769451,0.5331968088950723,0.5331968088950723,0.29684625273608395,0.4448804483042477,0.2726341215192401,0.3733163723878739
CLASS,CLBM,ICC,0.23891901015409134,0.22024358188145665,0.22024358188145665,0.22024358188145665,0.22024358188145665,0.22024358188145665,0.22024358188145665,0.23610232902968653,0.23610232902968653,0.23610232902968653,0.23610232902968653
CLASS,CLBM,AdjICC,0.6532020841026157,0.6289026404032036,0.6289026404032036,0.6289026404032036,0.6289026404032036,0.6289026404032036,0.6289026404032036,0.6496704465348944,0.6496704465348944,0.6496704465348944,0.6496704465348944
CLASS,CLPRDT,C's \kappa,NA,0.10065872363910217,0.2118704951517855,0.047178756064307666,0.3155761436016213,-0.025467492422848296,-0.025467492422848296,NA,NA,NA,NA
CLASS,CLPRDT,QWK,NA,0.5000396748291676,0.5688443858185552,0.5298070669846092,0.638516633739673,0.38951706060067603,0.38951706060067603,NA,NA,NA,NA
CLASS,CLPRDT,%Agr,NA,0.3738882959800781,0.5194585448392556,0.3109619686800894,0.5871404399323178,0.21827411167512725,0.21827411167512725,NA,NA,NA,NA
CLASS,CLPRDT,Agr±1,NA,0.8488082532906436,0.8460236886632826,0.8277404921700223,0.8967851099830794,0.8341793570219966,0.8341793570219966,NA,NA,NA,NA
CLASS,CLPRDT,r,NA,0.6563931778015435,0.658477370870743,0.7411119584537181,0.7628789635986915,0.5962088221559652,0.5962088221559652,NA,NA,NA,NA
CLASS,CLPRDT,r.low,NA,0.6348283614380992,0.6102333530462357,0.6962195439837342,0.7269548359835472,0.5415998925962822,0.5415998925962822,NA,NA,NA,NA
CLASS,CLPRDT,r.hi,NA,0.6769361652045301,0.7018555611382735,0.7802297640243538,0.7946386605518508,0.6458069123729994,0.6458069123729994,NA,NA,NA,NA
CLASS,CLPRDT,\rho,NA,0.5405326052028857,0.5850271035890131,0.6292985168397512,0.7387487217331659,0.4939107644329087,0.4939107644329087,NA,NA,NA,NA
CLASS,CLPRDT,\rho.low,NA,0.5138306045747735,0.5293518367486593,0.569807732013176,0.6997913889713142,0.43040386063515046,0.43040386063515046,NA,NA,NA,NA
CLASS,CLPRDT,\rho.hi,NA,0.5661883110281279,0.6356851802702089,0.6822277437424945,0.7733248182921929,0.5525519142417752,0.5525519142417752,NA,NA,NA,NA
CLASS,CLPRDT,\tau,NA,0.4927879562055494,0.5394868228400032,0.5849709051543583,0.6919996226135998,0.46172929811055347,0.46172929811055347,NA,NA,NA,NA
CLASS,CLPRDT,\tau.low,NA,0.46427617328421084,0.4797072206262894,0.5204600972083245,0.6474844822233422,0.3958172989514635,0.3958172989514635,NA,NA,NA,NA
CLASS,CLPRDT,\tau.hi,NA,0.5202794457939481,0.5942812310803549,0.6428418725891243,0.731808540437494,0.5229084987412937,0.5229084987412937,NA,NA,NA,NA
CLASS,CLPRDT,ICC,0.0638644343241309,0.08051126646263951,0.08051126646263951,0.08051126646263951,0.08051126646263951,0.08051126646263951,0.08051126646263951,NA,NA,NA,NA
CLASS,CLPRDT,AdjICC,0.290442027116151,0.3444193916825622,0.3444193916825622,0.3444193916825622,0.3444193916825622,0.3444193916825622,0.3444193916825622,NA,NA,NA,NA
CLASS,CLILF,C's \kappa,NA,0.2768994140146644,0.3539798295726551,0.23216191980870243,0.5284580834079228,0.13716977788734913,0.13716977788734913,NA,NA,NA,NA
CLASS,CLILF,QWK,NA,0.6055809325674992,0.6830032353595696,0.6282640349457979,0.7295758725800896,0.5296087001540575,0.5296087001540575,NA,NA,NA,NA
CLASS,CLILF,%Agr,NA,0.4757834757834755,0.5363790186125209,0.45270270270270274,0.6666666666666666,0.3587140439932321,0.3587140439932321,NA,NA,NA,NA
CLASS,CLILF,Agr±1,NA,0.8952991452991454,0.9509306260575295,0.882882882882883,0.9576988155668358,0.8409475465313029,0.8409475465313029,NA,NA,NA,NA
CLASS,CLILF,r,NA,0.6336596288412341,0.696161814495321,0.673282686860603,0.7331856214363234,0.5800386947981959,0.5800386947981959,NA,NA,NA,NA
CLASS,CLILF,r.low,NA,0.610990728280769,0.6521245528639587,0.6190060235098579,0.6935449391022817,0.5238951873966803,0.5238951873966803,NA,NA,NA,NA
CLASS,CLILF,r.hi,NA,0.6552901932264115,0.7355168616780854,0.7211587909837873,0.768399913424023,0.6311640288281479,0.6311640288281479,NA,NA,NA,NA
CLASS,CLILF,\rho,NA,0.6250636272164553,0.6825929949596486,0.621464477233493,0.7390470540800742,0.5595945982405097,0.5595945982405097,NA,NA,NA,NA
CLASS,CLILF,\rho.low,NA,0.6019924018823463,0.6370099847538744,0.5608387168662633,0.7001265356953085,0.50158012998244506,0.50158012998244506,NA,NA,NA,NA
CLASS,CLILF,\rho.hi,NA,0.6470920998417934,0.7234189754493755,0.6754611137602113,0.7735888083065857,0.6125985371472467,0.6125985371472467,NA,NA,NA,NA
CLASS,CLILF,\tau,NA,0.5616153578005407,0.6193676617023823,0.5674156098301412,0.6838301453532377,0.5028588051609324,0.5028588051609324,NA,NA,NA,NA
CLASS,CLILF,\tau.low,NA,0.5357552708299769,0.5670412122360416,0.5007985041062576,0.6383866196735526,0.44005388594612216,0.44005388594612216,NA,NA,NA,NA
CLASS,CLILF,\tau.hi,NA,0.5864228704491697,0.6667150789373371,0.6273502057394855,0.7245230517687984,0.5607679755606395,0.5607679755606395,NA,NA,NA,NA
CLASS,CLILF,ICC,0.07677251453162078,0.0901666379655937,0.0901666379655937,0.0901666379655937,0.0901666379655937,0.0901666379655937,0.0901666379655937,NA,NA,NA,NA
CLASS,CLILF,AdjICC,0.33286187247982524,0.3728890623585133,0.3728890623585133,0.3728890623585133,0.3728890623585133,0.3728890623585133,0.3728890623585133,NA,NA,NA,NA
CLASS,CLCU,C's \kappa,NA,0.31347404253886707,0.35068536151511975,0.329359775225729,0.3038331563193975,0.29353331223031165,0.29353331223031165,NA,NA,NA,NA
CLASS,CLCU,QWK,NA,0.6751340992301115,0.7038416721507459,0.6375528737651548,0.7272885642558706,0.6353769563431241,0.6353769563431241,NA,NA,NA,NA
CLASS,CLCU,%Agr,NA,0.5044468160796876,0.5025380710659898,0.5078299776286354,0.48392554991539755,0.5143824027072759,0.5143824027072759,NA,NA,NA,NA
CLASS,CLCU,Agr±1,NA,0.9263607257203836,0.910321489001692,0.9105145413870245,0.9390862944162436,0.9340101522842639,0.9340101522842639,NA,NA,NA,NA
CLASS,CLCU,r,NA,0.6775504816470792,0.7161178205161083,0.6525120890929544,0.7682801366455234,0.6522467487318553,0.6522467487318553,NA,NA,NA,NA
CLASS,CLCU,r.low,NA,0.6570385683376138,0.6744177193890891,0.5958225143787201,0.733050382028444,0.6033330930894978,0.6033330930894978,NA,NA,NA,NA
CLASS,CLCU,r.hi,NA,0.697059894245437,0.7532640471489415,0.7027315824926881,0.7993987272275482,0.6962713854704407,0.6962713854704407,NA,NA,NA,NA
CLASS,CLCU,\rho,NA,0.6825601906311104,0.7172432554092132,0.6565430598843822,0.7728298095759978,0.6544039220704411,0.6544039220704411,NA,NA,NA,NA
CLASS,CLCU,\rho.low,NA,0.6623028070925553,0.6756772292000742,0.600352062454374,0.7381893540940496,0.605721280622057,0.605721280622057,NA,NA,NA,NA
CLASS,CLCU,\rho.hi,NA,0.7018203731782989,0.7542633051669697,0.7062835353505518,0.8034053356725287,0.6982053486772397,0.6982053486772397,NA,NA,NA,NA
CLASS,CLCU,\tau,NA,0.6034100401827973,0.6376647950808833,0.5847242233008585,0.6994383504356196,0.5833346866336208,0.5833346866336208,NA,NA,NA,NA
CLASS,CLCU,\tau.low,NA,0.5793644251656919,0.587212517258337,0.5201866795011888,0.655779604139588,0.5275000434467829,0.5275000434467829,NA,NA,NA,NA
CLASS,CLCU,\tau.hi,NA,0.6264062380895874,0.6831814906432799,0.6426218318519101,0.738434446399438,0.6341516790991509,0.6341516790991509,NA,NA,NA,NA
CLASS,CLCU,ICC,0.009921074087814782,0.011195548314718518,0.011195548314718518,0.011195548314718518,0.011195548314718518,0.011195548314718518,0.011195548314718518,NA,NA,NA,NA
CLASS,CLCU,AdjICC,0.056713166875268,0.06361241079590474,0.06361241079590474,0.06361241079590474,0.06361241079590474,0.06361241079590474,0.06361241079590474,NA,NA,NA,NA
CLASS,CLAPS,C's \kappa,NA,0.26064798477897877,0.2726255247624131,0.279708660684232,0.4388701446228447,0.1644377224491809,0.1644377224491809,NA,NA,NA,NA
CLASS,CLAPS,QWK,NA,0.6271963535638508,0.6363111554956168,0.7026745685738648,0.6975001170145131,0.5651968073401841,0.5651968073401841,NA,NA,NA,NA
CLASS,CLAPS,%Agr,NA,0.48559231590181473,0.4771573604060915,0.4966442953020132,0.6209813874788495,0.4179357021996614,0.4179357021996614,NA,NA,NA,NA
CLASS,CLAPS,Agr±1,NA,0.8914976876556383,0.9120135363790187,0.912751677852349,0.949238578680203,0.8443316412859558,0.8443316412859558,NA,NA,NA,NA
CLASS,CLAPS,r,NA,0.6519731715989701,0.6644364876569108,0.7290494189005821,0.7026396577993322,0.6032629783824569,0.6032629783824569,NA,NA,NA,NA
CLASS,CLAPS,r.low,NA,0.6301928874861953,0.6168397831349931,0.6824467984415156,0.6593527140293469,0.5493387093941248,0.5493387093941248,NA,NA,NA,NA
CLASS,CLAPS,r.hi,NA,0.6727282029646733,0.707191417322565,0.7697488329938823,0.7412836345624524,0.6521834043876347,0.6521834043876347,NA,NA,NA,NA
CLASS,CLAPS,\rho,NA,0.6356025769593072,0.6380290272588873,0.7243818471134635,0.7137647077124001,0.5669850771923692,0.5669850771923692,NA,NA,NA,NA
CLASS,CLAPS,\rho.low,NA,0.6130377682521492,0.587614694798963,0.6771263314855748,0.6717850603163269,0.5096380558869499,0.5096380558869499,NA,NA,NA,NA
CLASS,CLAPS,\rho.hi,NA,0.6571312617076308,0.6835088103281467,0.7656873641489657,0.7511741967074262,0.6193166628840886,0.6193166628840886,NA,NA,NA,NA
CLASS,CLAPS,\tau,NA,0.5663624466879795,0.5743799924522182,0.6620134036436804,0.6558343732982167,0.503718441577963,0.503718441577963,NA,NA,NA,NA
CLASS,CLAPS,\tau.low,NA,0.5407140192600092,0.517710900396301,0.6065047859730699,0.6073054043462216,0.44098172625516013,0.44098172625516013,NA,NA,NA,NA
CLASS,CLAPS,\tau.hi,NA,0.5909588222399387,0.6260311602495674,0.7110998121197958,0.6994874337746378,0.5615566908870993,0.5615566908870993,NA,NA,NA,NA
CLASS,CLAPS,ICC,0.057746703545912784,0.06709028179983383,0.06709028179983383,0.06709028179983383,0.06709028179983383,0.06709028179983383,0.06709028179983383,NA,NA,NA,NA
CLASS,CLAPS,AdjICC,0.2688532706791788,0.30142743351529416,0.30142743351529416,0.30142743351529416,0.30142743351529416,0.30142743351529416,0.30142743351529416,NA,NA,NA,NA
CLASS,CLQF,C's \kappa,NA,0.24616808002853313,0.3484347357895546,0.3057732634338139,0.44474124400362547,0.08967128419405963,0.08967128419405963,NA,NA,NA,NA
CLASS,CLQF,QWK,NA,0.651048413214698,0.7029352029602425,0.6128381904578791,0.7642481515607782,0.5969204626241948,0.5969204626241948,NA,NA,NA,NA
CLASS,CLQF,%Agr,NA,0.39843472073995057,0.490693739424704,0.4697986577181208,0.5685279187817259,0.24027072758037218,0.24027072758037218,NA,NA,NA,NA
CLASS,CLQF,Agr±1,NA,0.8520099608680186,0.8934010152284264,0.8724832214765101,0.9289340101522843,0.7851099830795262,0.7851099830795262,NA,NA,NA,NA
CLASS,CLQF,r,NA,0.6649373411910995,0.7075397116735089,0.615230357793079,0.7698646718399282,0.6278430733541086,0.6278430733541086,NA,NA,NA,NA
CLASS,CLQF,r.low,NA,0.6437934411721009,0.6648256540296165,0.5540997652845181,0.7348396987520392,0.5763769623923621,0.5763769623923621,NA,NA,NA,NA
CLASS,CLQF,r.hi,NA,0.6850666285205733,0.745642024511561,0.6697611215016498,0.8007944410875801,0.674348233134516,0.674348233134516,NA,NA,NA,NA
CLASS,CLQF,\rho,NA,0.6737297515768578,0.7108471380793882,0.6209719152047267,0.7743937526137712,0.6386221381114087,0.6386221381114087,NA,NA,NA,NA
CLASS,CLQF,\rho.low,NA,0.6530250614816777,0.6685223597499754,0.5605053145391701,0.7399567968480685,0.5882696486890188,0.5882696486890188,NA,NA,NA,NA
CLASS,CLQF,\rho.hi,NA,0.6934280867627698,0.7485819981789881,0.6748527681660422,0.8047819619577585,0.6840417742277672,0.6840417742277672,NA,NA,NA,NA
CLASS,CLQF,\tau,NA,0.5802027871113987,0.623239648639705,0.5496171447631448,0.6956744292292444,0.5496819625927665,0.5496819625927665,NA,NA,NA,NA
CLASS,CLQF,\tau.low,NA,0.5551404827044539,0.5713045770146618,0.48140907470146277,0.6515810382362061,0.49078804942699633,0.49078804942699633,NA,NA,NA,NA
CLASS,CLQF,\tau.hi,NA,0.6042124871525454,0.6702035137886712,0.6112085397711045,0.7350827457190121,0.6035756683484838,0.6035756683484838,NA,NA,NA,NA
CLASS,CLQF,ICC,0.05624012408310593,0.065026109518436,0.065026109518436,0.065026109518436,0.065026109518436,0.065026109518436,0.065026109518436,NA,NA,NA,NA
CLASS,CLQF,AdjICC,0.26337853660201477,0.294428845383987,0.294428845383987,0.294428845383987,0.294428845383987,0.294428845383987,0.294428845383987,NA,NA,NA,NA
CLASS,CLINSTD,C's \kappa,NA,0.29702043621290963,0.38178982508081327,0.3284869663892095,0.13025331724969844,0.3183522039176487,0.3183522039176487,-0.002561634224738537,-0.005584035151958991,0.011983223487118,-0.016383495145631064
CLASS,CLINSTD,QWK,NA,0.6580804916877678,0.7164776517678453,0.6741502648343615,0.5238173973293042,0.6836689200210186,0.6836689200210186,-0.015110016359993815,-0.018361750327889836,-0.0032429198872830477,-0.011560693641619378
CLASS,CLINSTD,%Agr,NA,0.47491995731056613,0.5313028764805413,0.47874720357941825,0.38071065989847724,0.49238578680203055,0.49238578680203055,0.15398886827458247,0.13333333333333336,0.21134020618556695,0.10666666666666666
CLASS,CLINSTD,Agr±1,NA,0.9192458199928853,0.937394247038917,0.917225950782998,0.8798646362098138,0.9306260575296109,0.9306260575296109,0.45825602968460105,0.39487179487179486,0.5360824742268042,0.44000000000000006
CLASS,CLINSTD,r,NA,0.6602125282762102,0.72153358262109,0.6892955016829954,0.6313750552898815,0.6869558196567681,0.6869558196567681,-0.026026666158704092,-0.029683497139615832,-0.004813280747450076,-0.03088624617385258
CLASS,CLINSTD,r.low,NA,0.6388351493766781,0.680480896996186,0.6372896784109654,0.5802714453931526,0.6418659988098872,0.6418659988098872,-0.11024023064242404,-0.16948893543648902,-0.14558940012897065,-0.1902062747536352
CLASS,CLINSTD,r.hi,NA,0.6805712061715037,0.7580710547593229,0.7350513172844575,0.6775262875062626,0.7273115829329749,0.7273115829329749,0.05855793443262741,0.11129305425777662,0.13615388034290485,0.1300188574069019
CLASS,CLINSTD,\rho,NA,0.6556312560402279,0.7287440077930153,0.7049136252900139,0.6292463749235745,0.6711891925922747,0.6711891925922747,-0.01054371416519491,-0.01875866269752696,0.004598007048378438,-0.006794596800692676
CLASS,CLINSTD,\rho.low,NA,0.6340291865430041,0.6885620104037203,0.6549880665044429,0.5779240104172327,0.6243341198321356,0.6243341198321356,-0.09491507840640269,-0.15885231535513866,-0.13636516180740463,-0.16687441141116396
CLASS,CLINSTD,\rho.hi,NA,0.6762108914113772,0.7644648422899517,0.748711574671268,0.6756111210687156,0.7132319800468317,0.7132319800468317,0.07397804580595159,0.1220754661360907,0.1453786781621368,0.15363422365393337
CLASS,CLINSTD,\tau,NA,0.5800135396558203,0.6536742160212692,0.6299444544109822,0.5695837250038567,0.5965621457228955,0.5965621457228955,-0.008925956740450222,-0.016328175768411873,0.0033826880626283457,-0.006890117962494674
CLASS,CLINSTD,\tau.low,NA,0.5549431190933112,0.6049133313234722,0.5705300064705868,0.5124737846498508,0.5419872888855565,0.5419872888855565,-0.0933114980049753,-0.15648151797406937,-0.13755770229274855,-0.16696727545579193
CLASS,CLINSTD,\tau.hi,NA,0.6040313512121536,0.697551219363377,0.6827994089304416,0.6216770776347614,0.6461264582576616,0.6461264582576616,0.07558690851485327,0.12446975589539151,0.14418881616138549,0.1535409513880602
CLASS,CLINSTD,ICC,0.08456717080710692,0.09438664654420059,0.09438664654420059,0.09438664654420059,0.09438664654420059,0.09438664654420059,0.09438664654420059,0.09490939051406444,0.09490939051406444,0.09490939051406444,0.09490939051406444
CLASS,CLINSTD,AdjICC,0.35661388726149534,0.38474563022013547,0.38474563022013547,0.38474563022013547,0.38474563022013547,0.38474563022013547,0.38474563022013547,0.38619071579358805,0.38619071579358805,0.38619071579358805,0.38619071579358805
CLASS,CLSTENG,C's \kappa,NA,0.13769889068651392,0.2479897000361403,0.30979431097008164,0.17759873190721595,-0.009755807500198272,-0.009755807500198272,NA,NA,NA,NA
CLASS,CLSTENG,QWK,NA,0.5112546397391398,0.6130804612945415,0.6681175607109799,0.6302376087126531,0.37080074098592963,0.37080074098592963,NA,NA,NA,NA
CLASS,CLSTENG,%Agr,NA,0.36001422981145514,0.428087986463621,0.5123042505592843,0.35532994923857875,0.2707275803722503,0.2707275803722503,NA,NA,NA,NA
CLASS,CLSTENG,Agr±1,NA,0.8189256492351478,0.918781725888325,0.9172259507829977,0.8883248730964467,0.6971235194585448,0.6971235194585448,NA,NA,NA,NA
CLASS,CLSTENG,r,NA,0.588296494990417,0.6433132438069927,0.6901166485565116,0.7287429812699081,0.5110567456879302,0.5110567456879302,NA,NA,NA,NA
CLASS,CLSTENG,r.low,NA,0.563583943388094,0.593452219528709,0.6382188340177363,0.6885608592130412,0.448907716333557,0.448907716333557,NA,NA,NA,NA
CLASS,CLSTENG,r.hi,NA,0.6119569611749043,0.6882554502967454,0.7357704527027638,0.7644639325285926,0.568285300208995,0.568285300208995,NA,NA,NA,NA
CLASS,CLSTENG,\rho,NA,0.597645651538835,0.6650516028740606,0.6801468309013846,0.7494092507193384,0.5003563491720853,0.5003563491720853,NA,NA,NA,NA
CLASS,CLSTENG,\rho.low,NA,0.5733435359389057,0.6175220977514967,0.6269478632386231,0.7117780857673385,0.4373536473141561,0.4373536473141561,NA,NA,NA,NA
CLASS,CLSTENG,\rho.hi,NA,0.6208970686489512,0.7077419208216437,0.7270322210300826,0.7827507330690272,0.558471376920196,0.558471376920196,NA,NA,NA,NA
CLASS,CLSTENG,\tau,NA,0.5209200272950828,0.5980667033702859,0.6198666496680892,0.6726332351107908,0.4479231374484763,0.4479231374484763,NA,NA,NA,NA
CLASS,CLSTENG,\tau.low,NA,0.49345301617662435,0.5436371981109451,0.5592716661715043,0.625937877980482,0.3810364256948492,0.3810364256948492,NA,NA,NA,NA
CLASS,CLSTENG,\tau.hi,NA,0.5473490806847396,0.6474869858991807,0.6738730107911043,0.7145229234097915,0.5101456626148339,0.5101456626148339,NA,NA,NA,NA
CLASS,CLSTENG,ICC,0.060490550626513796,0.07814132256819678,0.07814132256819678,0.07814132256819678,0.07814132256819678,0.07814132256819678,0.07814132256819678,NA,NA,NA,NA
CLASS,CLSTENG,AdjICC,0.278661397034293,0.33712929174285133,0.33712929174285133,0.33712929174285133,0.33712929174285133,0.33712929174285133,0.33712929174285133,NA,NA,NA,NA
